category_name,customer_state,cohort,orders,eligible,on_time,reviewed,low,on_time_rate,low_review_rate
bed_bath_table,MG,2018-01,91,91,90,90,13,0.989010989010989,0.14444444444444443
bed_bath_table,MG,2018-02,65,65,54,63,15,0.8307692307692308,0.23809523809523808
bed_bath_table,MG,2018-03,83,83,54,82,24,0.6506024096385542,0.2926829268292683
bed_bath_table,MG,2018-04,59,59,55,59,12,0.9322033898305084,0.2033898305084746
bed_bath_table,MG,2018-05,73,73,67,72,10,0.9178082191780822,0.1388888888888889
bed_bath_table,MG,2018-06,78,78,78,77,14,1.0,0.18181818181818182
bed_bath_table,MG,2018-07,46,46,45,45,7,0.9782608695652174,0.15555555555555556
bed_bath_table,MG,2018-08,59,59,58,58,10,0.9830508474576272,0.1724137931034483
bed_bath_table,RJ,2018-01,98,98,84,98,19,0.8571428571428571,0.19387755102040816
bed_bath_table,RJ,2018-02,77,77,44,76,33,0.5714285714285714,0.4342105263157895
bed_bath_table,RJ,2018-03,96,96,56,92,35,0.5833333333333334,0.3804347826086957
bed_bath_table,RJ,2018-04,75,75,70,74,14,0.9333333333333333,0.1891891891891892
bed_bath_table,RJ,2018-05,65,65,63,65,12,0.9692307692307692,0.18461538461538463
bed_bath_table,RJ,2018-06,79,79,77,78,15,0.9746835443037974,0.19230769230769232
bed_bath_table,RJ,2018-07,86,86,83,84,6,0.9651162790697675,0.07142857142857142
bed_bath_table,RJ,2018-08,70,70,63,69,16,0.9,0.2318840579710145
computers_accessories,RJ,2018-01,85,85,74,82,17,0.8705882352941177,0.2073170731707317
computers_accessories,RJ,2018-02,113,113,73,110,52,0.6460176991150443,0.4727272727272727
computers_accessories,RJ,2018-03,82,82,59,81,21,0.7195121951219512,0.25925925925925924
computers_accessories,RJ,2018-04,40,40,39,40,9,0.975,0.225
computers_accessories,RJ,2018-05,40,40,39,40,5,0.975,0.125
computers_accessories,RJ,2018-06,40,40,40,40,5,1.0,0.125
computers_accessories,RJ,2018-07,45,45,45,45,7,1.0,0.15555555555555556
computers_accessories,RJ,2018-08,45,45,45,45,1,1.0,0.022222222222222223
health_beauty,SP,2018-01,256,256,242,254,31,0.9453125,0.1220472440944882
health_beauty,SP,2018-02,235,235,221,234,24,0.9404255319148936,0.10256410256410256
health_beauty,SP,2018-03,267,267,230,266,44,0.8614232209737828,0.16541353383458646
health_beauty,SP,2018-04,293,293,290,291,23,0.9897610921501706,0.07903780068728522
health_beauty,SP,2018-05,342,342,321,341,25,0.9385964912280702,0.07331378299120235
health_beauty,SP,2018-06,366,366,363,365,26,0.9918032786885246,0.07123287671232877
health_beauty,SP,2018-07,313,313,288,311,26,0.9201277955271565,0.08360128617363344
health_beauty,SP,2018-08,370,370,325,368,30,0.8783783783783784,0.08152173913043478
housewares,MG,2018-01,40,40,39,40,4,0.975,0.1
housewares,MG,2018-02,43,43,41,42,6,0.9534883720930233,0.14285714285714285
housewares,MG,2018-03,41,41,30,41,11,0.7317073170731707,0.2682926829268293
housewares,MG,2018-04,51,51,51,51,3,1.0,0.058823529411764705
housewares,MG,2018-05,45,45,39,43,5,0.8666666666666667,0.11627906976744186
housewares,MG,2018-06,65,65,65,65,7,1.0,0.1076923076923077
housewares,MG,2018-07,48,48,47,48,4,0.9791666666666666,0.08333333333333333
housewares,MG,2018-08,64,64,64,64,5,1.0,0.078125
office_furniture,SP,2018-01,37,37,37,37,9,1.0,0.24324324324324326
office_furniture,SP,2018-02,24,24,22,24,8,0.9166666666666666,0.3333333333333333
office_furniture,SP,2018-03,73,73,68,73,19,0.9315068493150684,0.2602739726027397
office_furniture,SP,2018-04,42,42,40,41,9,0.9523809523809523,0.21951219512195122
office_furniture,SP,2018-05,41,41,39,41,5,0.9512195121951219,0.12195121951219512
office_furniture,SP,2018-06,26,26,26,26,3,1.0,0.11538461538461539
office_furniture,SP,2018-07,30,30,23,29,6,0.7666666666666667,0.20689655172413793
office_furniture,SP,2018-08,13,13,11,13,1,0.8461538461538461,0.07692307692307693
sports_leisure,RJ,2018-01,68,68,62,68,16,0.9117647058823529,0.23529411764705882
sports_leisure,RJ,2018-02,72,72,46,72,26,0.6388888888888888,0.3611111111111111
sports_leisure,RJ,2018-03,76,76,45,74,30,0.5921052631578947,0.40540540540540543
sports_leisure,RJ,2018-04,63,63,60,62,11,0.9523809523809523,0.1774193548387097
sports_leisure,RJ,2018-05,45,45,36,45,8,0.8,0.17777777777777778
sports_leisure,RJ,2018-06,38,38,36,36,2,0.9473684210526315,0.05555555555555555
sports_leisure,RJ,2018-07,45,45,42,45,5,0.9333333333333333,0.1111111111111111
sports_leisure,RJ,2018-08,49,49,44,49,9,0.8979591836734694,0.1836734693877551
stationery,SP,2018-01,155,155,151,153,9,0.9741935483870968,0.058823529411764705
stationery,SP,2018-02,47,47,46,47,3,0.9787234042553191,0.06382978723404255
stationery,SP,2018-03,53,53,47,53,5,0.8867924528301887,0.09433962264150944
stationery,SP,2018-04,57,57,54,56,6,0.9473684210526315,0.10714285714285714
stationery,SP,2018-05,63,63,62,63,5,0.9841269841269841,0.07936507936507936
stationery,SP,2018-06,80,80,80,80,7,1.0,0.0875
stationery,SP,2018-07,81,81,78,81,4,0.9629629629629629,0.04938271604938271
stationery,SP,2018-08,86,86,75,85,2,0.872093023255814,0.023529411764705882
watches_gifts,RJ,2018-01,43,43,39,42,7,0.9069767441860465,0.16666666666666666
watches_gifts,RJ,2018-02,46,46,26,45,18,0.5652173913043478,0.4
watches_gifts,RJ,2018-03,59,59,32,57,24,0.5423728813559322,0.42105263157894735
watches_gifts,RJ,2018-04,67,67,65,66,9,0.9701492537313433,0.13636363636363635
watches_gifts,RJ,2018-05,93,93,85,93,15,0.9139784946236559,0.16129032258064516
watches_gifts,RJ,2018-06,74,74,72,74,12,0.972972972972973,0.16216216216216217
watches_gifts,RJ,2018-07,67,67,67,66,11,1.0,0.16666666666666666
watches_gifts,RJ,2018-08,39,39,37,39,6,0.9487179487179487,0.15384615384615385
