comparison,strata,nonlate_orders,severe_orders,eligible_nonlate_before_overlap,eligible_severe_before_overlap,standardized_nonlate_low,standardized_severe_low,gap_pp
category,44,46802,3112,48033,3156,0.08981064794020267,0.7311505393050992,64.13398913648966
category_answered_after_delivery,22,41946,409,47965,454,0.09105241644341375,0.19272666085734202,10.167424441392829
single_seller_route,55,43541,2961,47689,3157,0.08710237998909594,0.7017844876321311,61.46821076430351
single_seller_route_answered_after_delivery,18,35673,350,47622,452,0.08678512707802144,0.19117311097698256,10.438798389896112
single_seller,161,23752,2010,47689,3157,0.09546040024165213,0.7337062552635759,63.82458550219238
single_seller_answered_after_delivery,16,8703,121,47622,452,0.09756756166082674,0.24195260956933667,14.438504790850992
month,8,48468,3160,48468,3160,0.09320169129170255,0.6918655604370856,59.8663869145383
month_answered_after_delivery,8,48399,454,48399,454,0.09268049431498232,0.18878186612397208,9.610137180898976
category_route_month,121,7316,1053,47615,3154,0.09340367676669345,0.6945187667569779,60.11150899902844
category_route_month_answered_after_delivery,2,311,11,47548,452,0.06473396897172351,0.09813664596273292,3.3402676991009406
