customer_state,prior_orders,current_orders,prior_rate,current_rate,within_state_pp,state_mix_pp
AC,33,27,1.0,0.9629629629629629,-0.003725538999793723,-0.09703103444648221
AL,113,198,0.7699115044247787,0.7777777777777778,0.00349604656036205,-0.10721075118625635
AM,45,72,0.9777777777777777,0.9583333333333334,-0.0033152429137742224,-0.06597326475115822
AP,15,39,0.8666666666666667,1.0,0.009472462853581248,0.005324394938545046
BA,771,1726,0.9364461738002594,0.8592120509849362,-0.26164555115499927,-0.21068406593078615
CE,321,633,0.9470404984423676,0.8088467614533965,-0.18370618589893428,-0.22818089171311565
DF,409,1193,0.9902200488997555,0.9329421626152556,-0.11798668418218453,0.38569970937307474
ES,476,1047,0.957983193277311,0.8624641833810889,-0.1980944940084756,-0.16394287914075106
GO,449,1033,0.9665924276169265,0.9225556631171346,-0.0880400486588705,-0.07924544801924073
MA,185,346,0.9567567567567568,0.8005780346820809,-0.11686950483739188,-0.1629358355220834
MG,2614,6079,0.9831675592960979,0.9381477216647475,-0.5267706745641161,-0.3507972451790753
MS,147,411,0.9931972789115646,0.8564476885644768,-0.09893978258611255,0.10217010800391141
MT,203,476,0.9605911330049262,0.9411764705882353,-0.01771356080531848,-0.01991634511154423
PA,269,453,0.966542750929368,0.8344370860927153,-0.137470639005027,-0.3282876406641284
PB,130,269,0.8923076923076924,0.9107806691449815,0.010166431023887255,-0.07329370151522063
PE,358,852,0.9050279329608939,0.9002347417840375,-0.00776936563345476,-0.011874186209209816
PI,118,258,0.9661016949152542,0.8333333333333334,-0.06806277757212165,-0.042815286938445135
PR,1193,2711,0.9849119865884325,0.9524160826263371,-0.17158120191867068,-0.27777367099117306
RJ,2965,6342,0.9639123102866779,0.8626616209397666,-1.2907290521323702,-1.335693738913773
RN,112,241,0.9196428571428571,0.9128630705394191,-0.003273954369021754,-0.04812346720507581
RO,77,109,0.961038961038961,0.963302752293578,0.0006299871780100312,-0.13808919724557492
RR,12,22,0.9166666666666666,0.9090909090909091,-0.0003645368121416446,-0.011746987000466788
RS,1386,2737,0.9718614718614719,0.928388746803069,-0.249681909228416,-1.059283126972914
SC,846,1884,0.9361702127659575,0.9113588110403397,-0.09199715207593265,-0.2551827225394974
SE,102,146,0.9117647058823529,0.8356164383561644,-0.02818762337925744,-0.16343600051337703
SP,8578,23329,0.9684075542084402,0.9499764241930644,-0.7667275805239196,4.994263723183347
TO,70,144,0.9714285714285714,0.8472222222222222,-0.03670740654912644,-0.04126435572601475
