category_name,customer_state,window,orders,eligible,on_time,reviewed,low,on_time_rate,low_review_rate
bed_bath_table,MG,Apr–Aug,315,315,303,311,53,0.9619047619047619,0.17041800643086816
bed_bath_table,MG,Jan–Mar,239,239,198,235,52,0.8284518828451883,0.22127659574468084
bed_bath_table,RJ,Apr–Aug,375,375,356,370,63,0.9493333333333334,0.17027027027027028
bed_bath_table,RJ,Jan–Mar,271,271,184,266,87,0.6789667896678967,0.32706766917293234
computers_accessories,RJ,Apr–Aug,210,210,208,210,27,0.9904761904761905,0.12857142857142856
computers_accessories,RJ,Jan–Mar,280,280,206,273,90,0.7357142857142858,0.32967032967032966
health_beauty,SP,Apr–Aug,1684,1684,1587,1676,130,0.9423990498812351,0.07756563245823389
health_beauty,SP,Jan–Mar,758,758,693,754,99,0.9142480211081794,0.1312997347480106
housewares,MG,Apr–Aug,273,273,266,271,24,0.9743589743589743,0.08856088560885608
housewares,MG,Jan–Mar,124,124,110,123,21,0.8870967741935484,0.17073170731707318
office_furniture,SP,Apr–Aug,152,152,139,150,24,0.9144736842105263,0.16
office_furniture,SP,Jan–Mar,134,134,127,134,36,0.9477611940298507,0.26865671641791045
sports_leisure,RJ,Apr–Aug,240,240,218,237,35,0.9083333333333333,0.14767932489451477
sports_leisure,RJ,Jan–Mar,216,216,153,214,72,0.7083333333333334,0.3364485981308411
stationery,SP,Apr–Aug,367,367,349,365,24,0.9509536784741145,0.06575342465753424
stationery,SP,Jan–Mar,255,255,244,253,17,0.9568627450980393,0.06719367588932806
watches_gifts,RJ,Apr–Aug,340,340,326,338,53,0.9588235294117647,0.15680473372781065
watches_gifts,RJ,Jan–Mar,148,148,97,144,49,0.6554054054054054,0.3402777777777778
