purchase_month,delivered_orders,delivered_customers,delivered_gmv_proxy,delivered_aov_proxy,active_sellers,on_time_eligible_orders,on_time_orders,on_time_rate,reviewed_orders,low_review_orders,low_review_rate,average_review_score,review_coverage,freight_burden,year,month
2017-01-01,750,718,111798.36,149.06448,219,750,728,0.9706666666666666,741,89,0.1201079622132253,4.198380566801619,0.988,0.1230288548918568,2017,1
2017-02-01,1653,1630,234223.4,141.69594676346037,402,1653,1604,0.970356926799758,1643,182,0.1107729762629336,4.203286670724284,0.9939503932244405,0.1364695944526037,2017,2
2017-03-01,2546,2508,359198.85,141.08360172820107,476,2546,2430,0.9544383346425764,2527,284,0.112386228729719,4.186782746339532,0.9925373134328358,0.1330629536605942,2017,3
2017-04-01,2303,2274,340669.68,147.92430742509768,488,2303,2152,0.934433347807208,2290,296,0.1292576419213973,4.135371179039302,0.9943551888840642,0.1283038102168713,2017,4
2017-05-01,3546,3479,489338.25,137.99725042301185,563,3545,3439,0.970098730606488,3518,354,0.1006253553155201,4.236498010233087,0.9921037789058093,0.136743333438005,2017,5
2017-06-01,3135,3076,421923.37,134.58480701754385,519,3135,3040,0.9696969696969696,3111,334,0.1073609771777563,4.222757955641272,0.9923444976076556,0.1390204031475376,2017,6
2017-07-01,3872,3802,481604.52,124.38133264462807,593,3872,3764,0.9721074380165288,3842,382,0.0994273815720978,4.259500260281104,0.9922520661157024,0.1495580038731477,2017,7
2017-08-01,4193,4114,554699.7,132.29184354877177,683,4193,4071,0.9709038874314332,4165,391,0.0938775510204081,4.312845138055223,0.993322203672788,0.1411088475033985,2017,8
2018-01-01,7069,6974,924645.0,130.80280096194653,956,7069,6666,0.9429905219974536,7013,961,0.1370312277199486,4.108512762013404,0.9920780874239636,0.1421692576328886,2018,1
2018-02-01,6555,6400,826437.13,126.0773653699466,928,6555,5629,0.8587337909992372,6507,1261,0.1937913016751191,3.8805901337021673,0.9926773455377574,0.1446241447699578,2018,2
2018-03-01,7003,6914,953356.25,136.13540625446237,981,7003,5675,0.8103669855776096,6948,1471,0.2117156016119746,3.8126079447322967,0.9921462230472654,0.149243488014045,2018,3
2018-04-01,6798,6744,973534.09,143.20889820535453,1105,6798,6492,0.9549867608120036,6752,796,0.1178909952606635,4.205864928909953,0.9932333039129156,0.140654782943134,2018,4
2018-05-01,6749,6693,977544.69,144.8428937620388,1105,6749,6306,0.9343606460216328,6722,723,0.1075572746206486,4.236387979767926,0.9959994073196028,0.1339770054341765,2018,5
2018-06-01,6099,6061,856077.86,140.36364322020003,1165,6096,6025,0.9883530183727034,6075,607,0.099917695473251,4.306995884773662,0.9960649286768322,0.1540551131783667,2018,6
2018-07-01,6159,6100,867953.46,140.9244130540672,1238,6156,5948,0.9662118258609486,6121,592,0.0967162228394053,4.317758536186898,0.9938301672349408,0.1555289820480742,2018,7
2018-08-01,6351,6310,838576.64,132.03851991812311,1261,6351,5958,0.9381199811053376,6330,604,0.0954186413902053,4.310268562401264,0.9966934341048652,0.1490778754855799,2018,8
