year,customer_state,n,on_time
2017,AC,33,33
2017,AL,113,87
2017,AM,45,44
2017,AP,15,13
2017,BA,771,722
2017,CE,321,304
2017,DF,409,405
2017,ES,476,456
2017,GO,449,434
2017,MA,185,177
2017,MG,2614,2570
2017,MS,147,146
2017,MT,203,195
2017,PA,269,260
2017,PB,130,116
2017,PE,358,324
2017,PI,118,114
2017,PR,1193,1175
2017,RJ,2965,2858
2017,RN,112,103
2017,RO,77,74
2017,RR,12,11
2017,RS,1386,1347
2017,SC,846,792
2017,SE,102,93
2017,SP,8578,8307
2017,TO,70,68
2018,AC,27,26
2018,AL,198,154
2018,AM,72,69
2018,AP,39,39
2018,BA,1726,1483
2018,CE,633,512
2018,DF,1193,1113
2018,ES,1047,903
2018,GO,1033,953
2018,MA,346,277
2018,MG,6079,5703
2018,MS,411,352
2018,MT,476,448
2018,PA,453,378
2018,PB,269,245
2018,PE,852,767
2018,PI,258,215
2018,PR,2711,2582
2018,RJ,6342,5471
2018,RN,241,220
2018,RO,109,105
2018,RR,22,20
2018,RS,2737,2541
2018,SC,1884,1717
2018,SE,146,122
2018,SP,23329,22162
2018,TO,144,122
